name,code2018,code2020,code2021,rivm2020,rivm2021,inhabitant_frac_2020,inhabitant_frac_2021
Appingedam,3,3,1979,Appingedam,Eemsdelta,1.0,0.25552353506243997
Bedum,5,1966,1966,Het Hogeland,Het Hogeland,0.21044176706827308,0.21044176706827308
Ten Boer,9,14,14,Groningen,Groningen,0.03180628272251309,0.03180628272251309
Delfzijl,10,10,1979,Delfzijl,Eemsdelta,1.0,0.5331412103746398
Groningen,14,14,14,Groningen,Groningen,0.8827879581151833,0.8827879581151833
Grootegast,15,1969,1969,Westerkwartier,Westerkwartier,0.19924658095160103,0.19924658095160103
Stein,971,971,971,Stein,Stein,1.0,1.0
Vaals,981,981,981,Vaals,Vaals,1.0,1.0
Venlo,983,983,983,Venlo,Venlo,1.0,1.0
Haren,17,14,14,Groningen,Groningen,0.08540575916230367,0.08540575916230367
Leek,22,1969,1969,Westerkwartier,Westerkwartier,0.32151338956678405,0.32151338956678405
Loppersum,24,24,1979,Loppersum,Eemsdelta,1.0,0.21133525456292027
Marum,25,1969,1969,Westerkwartier,Westerkwartier,0.17033821963803128,0.17033821963803128
Almere,34,34,34,Almere,Almere,1.0,1.0
Voerendaal,986,986,986,Voerendaal,Voerendaal,1.0,1.0
Stadskanaal,37,37,37,Stadskanaal,Stadskanaal,1.0,1.0
Veendam,47,47,47,Veendam,Veendam,1.0,1.0
Zeewolde,50,50,50,Zeewolde,Zeewolde,1.0,1.0
Winsum,53,1966,1966,Het Hogeland,Het Hogeland,0.27309236947791166,0.27309236947791166
Zuidhorn,56,1969,1969,Westerkwartier,Westerkwartier,0.3089018098435837,0.3089018098435837
Dongeradeel,58,1970,1970,Noardeast-Fryslân,Noardeast-Fryslân,0.5254833040421792,0.5254833040421792
Achtkarspelen,59,59,59,Achtkarspelen,Achtkarspelen,1.0,1.0
Ameland,60,60,60,Ameland,Ameland,1.0,1.0
Valkenburg aan de Geul,994,994,994,Valkenburg aan de Geul,Valkenburg aan de Geul,1.0,1.0
Arnhem,202,202,202,Arnhem,Arnhem,1.0,1.0
Harlingen,72,72,72,Harlingen,Harlingen,1.0,1.0
Heerenveen,74,74,74,Heerenveen,Heerenveen,1.0,1.0
Kollumerland en Nieuwkruisland,79,1970,1970,Noardeast-Fryslân,Noardeast-Fryslân,0.2827328646748682,0.2827328646748682
Leeuwarden,80,80,80,Leeuwarden,Leeuwarden,1.0,1.0
Ooststellingwerf,85,85,85,Ooststellingwerf,Ooststellingwerf,1.0,1.0
Opsterland,86,86,86,Opsterland,Opsterland,1.0,1.0
Schiermonnikoog,88,88,88,Schiermonnikoog,Schiermonnikoog,1.0,1.0
Smallingerland,90,90,90,Smallingerland,Smallingerland,1.0,1.0
Terschelling,93,93,93,Terschelling,Terschelling,1.0,1.0
Vlieland,96,96,96,Vlieland,Vlieland,1.0,1.0
Weststellingwerf,98,98,98,Weststellingwerf,Weststellingwerf,1.0,1.0
Assen,106,106,106,Assen,Assen,1.0,1.0
Coevorden,109,109,109,Coevorden,Coevorden,1.0,1.0
Emmen,114,114,114,Emmen,Emmen,1.0,1.0
Hoogeveen,118,118,118,Hoogeveen,Hoogeveen,1.0,1.0
Meppel,119,119,119,Meppel,Meppel,1.0,1.0
Almelo,141,141,141,Almelo,Almelo,1.0,1.0
Borne,147,147,147,Borne,Borne,1.0,1.0
Dalfsen,148,148,148,Dalfsen,Dalfsen,1.0,1.0
Deventer,150,150,150,Deventer,Deventer,1.0,1.0
Cromstrijen,611,1963,1963,Hoeksche Waard,Hoeksche Waard,0.14936088250744178,0.14936088250744178
Enschede,153,153,153,Enschede,Enschede,1.0,1.0
Barneveld,203,203,203,Barneveld,Barneveld,1.0,1.0
Haaksbergen,158,158,158,Haaksbergen,Haaksbergen,1.0,1.0
Hardenberg,160,160,160,Hardenberg,Hardenberg,1.0,1.0
Hellendoorn,163,163,163,Hellendoorn,Hellendoorn,1.0,1.0
Heemstede,397,397,397,Heemstede,Heemstede,1.0,1.0
Diemen,384,384,384,Diemen,Diemen,1.0,1.0
Hengelo,164,164,164,Hengelo,Hengelo (O.),1.0,1.0
Harderwijk,243,243,243,Harderwijk,Harderwijk,1.0,1.0
Kampen,166,166,166,Kampen,Kampen,1.0,1.0
Losser,168,168,168,Losser,Losser,1.0,1.0
Noordoostpolder,171,171,171,Noordoostpolder,Noordoostpolder,1.0,1.0
Haarlemmerliede en Spaarnwoude,393,394,394,Haarlemmermeer,Haarlemmermeer,0.03735452177640038,0.03735452177640038
Oldenzaal,173,173,173,Oldenzaal,Oldenzaal,1.0,1.0
Ommen,175,175,175,Ommen,Ommen,1.0,1.0
Raalte,177,177,177,Raalte,Raalte,1.0,1.0
Staphorst,180,180,180,Staphorst,Staphorst,1.0,1.0
Tubbergen,183,183,183,Tubbergen,Tubbergen,1.0,1.0
Urk,184,184,184,Urk,Urk,1.0,1.0
Weert,988,988,988,Weert,Weert,1.0,1.0
Wierden,189,189,189,Wierden,Wierden,1.0,1.0
Zwolle,193,193,193,Zwolle,Zwolle,1.0,1.0
Aalten,197,197,197,Aalten,Aalten,1.0,1.0
Apeldoorn,200,200,200,Apeldoorn,Apeldoorn,1.0,1.0
Beuningen,209,209,209,Beuningen,Beuningen,1.0,1.0
Brummen,213,213,213,Brummen,Brummen,1.0,1.0
Buren,214,214,214,Buren,Buren,1.0,1.0
Culemborg,216,216,216,Culemborg,Culemborg,1.0,1.0
Doesburg,221,221,221,Doesburg,Doesburg,1.0,1.0
Doetinchem,222,222,222,Doetinchem,Doetinchem,1.0,1.0
Druten,225,225,225,Druten,Druten,1.0,1.0
Lelystad,995,995,995,Lelystad,Lelystad,1.0,1.0
Horst aan de Maas,1507,1507,1507,Horst aan de Maas,Horst aan de Maas,1.0,1.0
Oude IJsselstreek,1509,1509,1509,Oude IJsselstreek,Oude IJsselstreek,1.0,1.0
Utrechtse Heuvelrug,1581,1581,1581,Utrechtse Heuvelrug,Utrechtse Heuvelrug,1.0,1.0
Oost Gelre,1586,1586,1586,Oost Gelre,Oost Gelre,1.0,1.0
Koggenland,1598,1598,1598,Koggenland,Koggenland,1.0,1.0
Hattem,244,244,244,Hattem,Hattem,1.0,1.0
Duiven,226,226,226,Duiven,Duiven,1.0,1.0
Ede,228,228,228,Ede,Ede,1.0,1.0
Elburg,230,230,230,Elburg,Elburg,1.0,1.0
Rozendaal,277,277,277,Rozendaal,Rozendaal,1.0,1.0
Epe,232,232,232,Epe,Epe,1.0,1.0
Ermelo,233,233,233,Ermelo,Ermelo,1.0,1.0
Geldermalsen,236,1960,1960,West Betuwe,West Betuwe,0.5308568004793289,0.5308568004793289
Westervoort,293,293,293,Westervoort,Westervoort,1.0,1.0
Heerde,246,246,246,Heerde,Heerde,1.0,1.0
Heumen,252,252,252,Heumen,Heumen,1.0,1.0
Lochem,262,262,262,Lochem,Lochem,1.0,1.0
Zutphen,301,301,301,Zutphen,Zutphen,1.0,1.0
Maasdriel,263,263,263,Maasdriel,Maasdriel,1.0,1.0
Nijkerk,267,267,267,Nijkerk,Nijkerk,1.0,1.0
Nijmegen,268,268,268,Nijmegen,Nijmegen,1.0,1.0
Oldebroek,269,269,269,Oldebroek,Oldebroek,1.0,1.0
Putten,273,273,273,Putten,Putten,1.0,1.0
Renkum,274,274,274,Renkum,Renkum,1.0,1.0
Rheden,275,275,275,Rheden,Rheden,1.0,1.0
Bunschoten,313,313,313,Bunschoten,Bunschoten,1.0,1.0
Scherpenzeel,279,279,279,Scherpenzeel,Scherpenzeel,1.0,1.0
Tiel,281,281,281,Tiel,Tiel,1.0,1.0
Voorst,285,285,285,Voorst,Voorst,1.0,1.0
Wageningen,289,289,289,Wageningen,Wageningen,1.0,1.0
Winterswijk,294,294,294,Winterswijk,Winterswijk,1.0,1.0
Wijchen,296,296,296,Wijchen,Wijchen,1.0,1.0
Zaltbommel,297,297,297,Zaltbommel,Zaltbommel,1.0,1.0
Zevenaar,299,299,299,Zevenaar,Zevenaar,1.0,1.0
Nunspeet,302,302,302,Nunspeet,Nunspeet,1.0,1.0
Dronten,303,303,303,Dronten,Dronten,1.0,1.0
Neerijnen,304,1960,1960,West Betuwe,West Betuwe,0.2463551028560016,0.2463551028560016
Amersfoort,307,307,307,Amersfoort,Amersfoort,1.0,1.0
Baarn,308,308,308,Baarn,Baarn,1.0,1.0
De Bilt,310,310,310,De Bilt,De Bilt,1.0,1.0
Bunnik,312,312,312,Bunnik,Bunnik,1.0,1.0
Eemnes,317,317,317,Eemnes,Eemnes,1.0,1.0
Houten,321,321,321,Houten,Houten,1.0,1.0
Leusden,327,327,327,Leusden,Leusden,1.0,1.0
Lopik,331,331,331,Lopik,Lopik,1.0,1.0
Montfoort,335,335,335,Montfoort,Montfoort,1.0,1.0
Renswoude,339,339,339,Renswoude,Renswoude,1.0,1.0
Steenwijkerland,1708,1708,1708,Steenwijkerland,Steenwijkerland,1.0,1.0
Rhenen,340,340,340,Rhenen,Rhenen,1.0,1.0
Soest,342,342,342,Soest,Soest,1.0,1.0
Utrecht,344,344,344,Utrecht,Utrecht,1.0,1.0
Veenendaal,345,345,345,Veenendaal,Veenendaal,1.0,1.0
Woudenberg,351,351,351,Woudenberg,Woudenberg,1.0,1.0
Cranendonck,1706,1706,1706,Cranendonck,Cranendonck,1.0,1.0
Moerdijk,1709,1709,1709,Moerdijk,Moerdijk,1.0,1.0
Echt-Susteren,1711,1711,1711,Echt-Susteren,Echt-Susteren,1.0,1.0
Sluis,1714,1714,1714,Sluis,Sluis,1.0,1.0
Drimmelen,1719,1719,1719,Drimmelen,Drimmelen,1.0,1.0
Wijk bij Duurstede,352,352,352,Wijk bij Duurstede,Wijk bij Duurstede,1.0,1.0
IJsselstein,353,353,353,IJsselstein,IJsselstein,1.0,1.0
Zeist,355,355,355,Zeist,Zeist,1.0,1.0
Nieuwegein,356,356,356,Nieuwegein,Nieuwegein,1.0,1.0
Aalsmeer,358,358,358,Aalsmeer,Aalsmeer,1.0,1.0
Alkmaar,361,361,361,Alkmaar,Alkmaar,1.0,1.0
Blaricum,376,376,376,Blaricum,Blaricum,1.0,1.0
Amstelveen,362,362,362,Amstelveen,Amstelveen,1.0,1.0
Amsterdam,363,363,363,Amsterdam,Amsterdam,1.0,1.0
Beemster,370,370,370,Beemster,Beemster,1.0,1.0
Bergen (NH.),373,373,373,Bergen (NH.),Bergen (NH.),1.0,1.0
Beverwijk,375,375,375,Beverwijk,Beverwijk,1.0,1.0
Bladel,1728,1728,1728,Bladel,Bladel,1.0,1.0
Gulpen-Wittem,1729,1729,1729,Gulpen-Wittem,Gulpen-Wittem,1.0,1.0
Tynaarlo,1730,1730,1730,Tynaarlo,Tynaarlo,1.0,1.0
Eijsden-Margraten,1903,1903,1903,Eijsden-Margraten,Eijsden-Margraten,1.0,1.0
Stichtse Vecht,1904,1904,1904,Stichtse Vecht,Stichtse Vecht,1.0,1.0
Midden-Drenthe,1731,1731,1731,Midden-Drenthe,Midden-Drenthe,1.0,1.0
Overbetuwe,1734,1734,1734,Overbetuwe,Overbetuwe,1.0,1.0
Hof van Twente,1735,1735,1735,Hof van Twente,Hof van Twente,1.0,1.0
Neder-Betuwe,1740,1740,1740,Neder-Betuwe,Neder-Betuwe,1.0,1.0
Geldrop-Mierlo,1771,1771,1771,Geldrop-Mierlo,Geldrop-Mierlo,1.0,1.0
Olst-Wijhe,1773,1773,1773,Olst-Wijhe,Olst-Wijhe,1.0,1.0
Dinkelland,1774,1774,1774,Dinkelland,Dinkelland,1.0,1.0
Bloemendaal,377,377,377,Bloemendaal,Bloemendaal,1.0,1.0
Goeree-Overflakkee,1924,1924,1924,Goeree-Overflakkee,Goeree-Overflakkee,1.0,1.0
Castricum,383,383,383,Castricum,Castricum,1.0,1.0
Edam-Volendam,385,385,385,Edam-Volendam,Edam-Volendam,1.0,1.0
Enkhuizen,388,388,388,Enkhuizen,Enkhuizen,1.0,1.0
Haarlem,392,392,392,Haarlem,Haarlem,1.0,1.0
Haarlemmermeer,394,394,394,Haarlemmermeer,Haarlemmermeer,0.9626454782235996,0.9626454782235996
Heemskerk,396,396,396,Heemskerk,Heemskerk,1.0,1.0
Heerhugowaard,398,398,398,Heerhugowaard,Heerhugowaard,1.0,1.0
Hoorn,405,405,405,Hoorn,Hoorn,1.0,1.0
Heiloo,399,399,399,Heiloo,Heiloo,1.0,1.0
Den Helder,400,400,400,Den Helder,Den Helder,1.0,1.0
Hilversum,402,402,402,Hilversum,Hilversum,1.0,1.0
Papendrecht,590,590,590,Papendrecht,Papendrecht,1.0,1.0
Huizen,406,406,406,Huizen,Huizen,1.0,1.0
Landsmeer,415,415,415,Landsmeer,Landsmeer,1.0,1.0
Langedijk,416,416,416,Langedijk,Langedijk,1.0,1.0
Laren,417,417,417,Laren,Laren,1.0,1.0
Purmerend,439,439,439,Purmerend,Purmerend,1.0,1.0
Medemblik,420,420,420,Medemblik,Medemblik,1.0,1.0
Oostzaan,431,431,431,Oostzaan,Oostzaan,1.0,1.0
Opmeer,432,432,432,Opmeer,Opmeer,1.0,1.0
Ouder-Amstel,437,437,437,Ouder-Amstel,Ouder-Amstel,1.0,1.0
Schagen,441,441,441,Schagen,Schagen,1.0,1.0
Texel,448,448,448,Texel,Texel,1.0,1.0
Uitgeest,450,450,450,Uitgeest,Uitgeest,1.0,1.0
Uithoorn,451,451,451,Uithoorn,Uithoorn,1.0,1.0
Velsen,453,453,453,Velsen,Velsen,1.0,1.0
Krimpenerwaard,1931,1931,1931,Krimpenerwaard,Krimpenerwaard,1.0,1.0
De Fryske Marren,1940,1940,1940,De Fryske Marren,De Fryske Marren,1.0,1.0
Midden-Groningen,1952,1952,1952,Midden-Groningen,Midden-Groningen,1.0,1.0
Weesp,457,457,457,Weesp,Weesp,1.0,1.0
Zandvoort,473,473,473,Zandvoort,Zandvoort,1.0,1.0
Barendrecht,489,489,489,Barendrecht,Barendrecht,1.0,1.0
Zaanstad,479,479,479,Zaanstad,Zaanstad,1.0,1.0
Alblasserdam,482,482,482,Alblasserdam,Alblasserdam,1.0,1.0
Nissewaard,1930,1930,1930,Nissewaard,Nissewaard,1.0,1.0
Montferland,1955,1955,1955,Montferland,Montferland,1.0,1.0
Drechterland,498,498,498,Drechterland,Drechterland,1.0,1.0
Alphen aan den Rijn,484,484,484,Alphen aan den Rijn,Alphen aan den Rijn,1.0,1.0
Brielle,501,501,501,Brielle,Brielle,1.0,1.0
Capelle aan den IJssel,502,502,502,Capelle aan den IJssel,Capelle aan den IJssel,1.0,1.0
Delft,503,503,503,Delft,Delft,1.0,1.0
Dordrecht,505,505,505,Dordrecht,Dordrecht,1.0,1.0
Gorinchem,512,512,512,Gorinchem,Gorinchem,1.0,1.0
Gouda,513,513,513,Gouda,Gouda,1.0,1.0
's-Gravenhage,518,518,518,'s-Gravenhage,'s-Gravenhage,1.0,1.0
Hardinxveld-Giessendam,523,523,523,Hardinxveld-Giessendam,Hardinxveld-Giessendam,1.0,1.0
Hillegom,534,534,534,Hillegom,Hillegom,1.0,1.0
Hellevoetsluis,530,530,530,Hellevoetsluis,Hellevoetsluis,1.0,1.0
Hendrik-Ido-Ambacht,531,531,531,Hendrik-Ido-Ambacht,Hendrik-Ido-Ambacht,1.0,1.0
Stede Broec,532,532,532,Stede Broec,Stede Broec,1.0,1.0
Katwijk,537,537,537,Katwijk,Katwijk,1.0,1.0
Krimpen aan den IJssel,542,542,542,Krimpen aan den IJssel,Krimpen aan den IJssel,1.0,1.0
Leerdam,545,1961,1961,Vijfheerenlanden,Vijfheerenlanden,0.3837679030481087,0.3837679030481087
Leiden,546,546,546,Leiden,Leiden,1.0,1.0
Leiderdorp,547,547,547,Leiderdorp,Leiderdorp,1.0,1.0
Lisse,553,553,553,Lisse,Lisse,1.0,1.0
Maassluis,556,556,556,Maassluis,Maassluis,1.0,1.0
Nieuwkoop,569,569,569,Nieuwkoop,Nieuwkoop,1.0,1.0
Noordwijk,575,575,575,Noordwijk,Noordwijk,0.6129032258064516,0.6129032258064516
Noordwijkerhout,576,575,575,Noordwijk,Noordwijk,0.3870967741935484,0.3870967741935484
Oegstgeest,579,579,579,Oegstgeest,Oegstgeest,1.0,1.0
Oud-Beijerland,584,1963,1963,Hoeksche Waard,Hoeksche Waard,0.2803361933111539,0.2803361933111539
Binnenmaas,585,1963,1963,Hoeksche Waard,Hoeksche Waard,0.33987042549465946,0.33987042549465946
Korendijk,588,1963,1963,Hoeksche Waard,Hoeksche Waard,0.12788186540594176,0.12788186540594176
Oudewater,589,589,589,Oudewater,Oudewater,1.0,1.0
Rijswijk,603,603,603,Rijswijk,Rijswijk,1.0,1.0
Ridderkerk,597,597,597,Ridderkerk,Ridderkerk,1.0,1.0
Rotterdam,599,599,599,Rotterdam,Rotterdam,1.0,1.0
Schiedam,606,606,606,Schiedam,Schiedam,1.0,1.0
Sliedrecht,610,610,610,Sliedrecht,Sliedrecht,1.0,1.0
Albrandswaard,613,613,613,Albrandswaard,Albrandswaard,1.0,1.0
Westvoorne,614,614,614,Westvoorne,Westvoorne,1.0,1.0
Strijen,617,1963,1963,Hoeksche Waard,Hoeksche Waard,0.10255063328080313,0.10255063328080313
Zwijndrecht,642,642,642,Zwijndrecht,Zwijndrecht,1.0,1.0
Vianen,620,1961,1961,Vijfheerenlanden,Vijfheerenlanden,0.3621006243114212,0.3621006243114212
Vlaardingen,622,622,622,Vlaardingen,Vlaardingen,1.0,1.0
Voorschoten,626,626,626,Voorschoten,Voorschoten,1.0,1.0
Waddinxveen,627,627,627,Waddinxveen,Waddinxveen,1.0,1.0
Wassenaar,629,629,629,Wassenaar,Wassenaar,1.0,1.0
Woerden,632,632,632,Woerden,Woerden,1.0,1.0
Zoetermeer,637,637,637,Zoetermeer,Zoetermeer,1.0,1.0
Zoeterwoude,638,638,638,Zoeterwoude,Zoeterwoude,1.0,1.0
Borsele,654,654,654,Borsele,Borsele,1.0,1.0
Goes,664,664,664,Goes,Goes,1.0,1.0
Kapelle,678,678,678,Kapelle,Kapelle,1.0,1.0
West Maas en Waal,668,668,668,West Maas en Waal,West Maas en Waal,1.0,1.0
Hulst,677,677,677,Hulst,Hulst,1.0,1.0
Reimerswaal,703,703,703,Reimerswaal,Reimerswaal,1.0,1.0
Tholen,716,716,716,Tholen,Tholen,1.0,1.0
Middelburg,687,687,687,Middelburg,Middelburg,1.0,1.0
Giessenlanden,689,1978,1978,Molenlanden,Molenlanden,0.333104944615736,0.333104944615736
Zederik,707,1961,1961,Vijfheerenlanden,Vijfheerenlanden,0.2541314726404701,0.2541314726404701
Terneuzen,715,715,715,Terneuzen,Terneuzen,1.0,1.0
Pekela,765,765,765,Pekela,Pekela,1.0,1.0
Reusel-De Mierden,1667,1667,1667,Reusel-De Mierden,Reusel-De Mierden,1.0,1.0
Roerdalen,1669,1669,1669,Roerdalen,Roerdalen,1.0,1.0
Roosendaal,1674,1674,1674,Roosendaal,Roosendaal,1.0,1.0
Veere,717,717,717,Veere,Veere,1.0,1.0
Vlissingen,718,718,718,Vlissingen,Vlissingen,1.0,1.0
Maasgouw,1641,1641,1641,Maasgouw,Maasgouw,1.0,1.0
Eemsmond,1651,1966,1966,Het Hogeland,Het Hogeland,0.3143574297188755,0.3143574297188755
Gemert-Bakel,1652,1652,1652,Gemert-Bakel,Gemert-Bakel,1.0,1.0
Halderberge,1655,1655,1655,Halderberge,Halderberge,1.0,1.0
Lingewaal,733,1960,1960,West Betuwe,West Betuwe,0.22278809666466945,0.22278809666466945
De Ronde Venen,736,736,736,De Ronde Venen,De Ronde Venen,1.0,1.0
Tytsjerksteradiel,737,737,737,Tytsjerksteradiel,Tytsjerksteradiel,1.0,1.0
Aalburg,738,1959,1959,Altena,Altena,0.2400624254108143,0.2400624254108143
Asten,743,743,743,Asten,Asten,1.0,1.0
Baarle-Nassau,744,744,744,Baarle-Nassau,Baarle-Nassau,1.0,1.0
Bergen op Zoom,748,748,748,Bergen op Zoom,Bergen op Zoom,1.0,1.0
Best,753,753,753,Best,Best,1.0,1.0
Boekel,755,755,755,Boekel,Boekel,1.0,1.0
Boxmeer,756,756,756,Boxmeer,Boxmeer,1.0,1.0
Boxtel,757,757,757,Boxtel,Boxtel,1.0,1.0
Breda,758,758,758,Breda,Breda,1.0,1.0
Deurne,762,762,762,Deurne,Deurne,1.0,1.0
Dongen,766,766,766,Dongen,Dongen,1.0,1.0
Eersel,770,770,770,Eersel,Eersel,1.0,1.0
Eindhoven,772,772,772,Eindhoven,Eindhoven,1.0,1.0
Etten-Leur,777,777,777,Etten-Leur,Etten-Leur,1.0,1.0
Schouwen-Duiveland,1676,1676,1676,Schouwen-Duiveland,Schouwen-Duiveland,1.0,1.0
Aa en Hunze,1680,1680,1680,Aa en Hunze,Aa en Hunze,1.0,1.0
Geertruidenberg,779,779,779,Geertruidenberg,Geertruidenberg,1.0,1.0
Gilze en Rijen,784,784,784,Gilze en Rijen,Gilze en Rijen,1.0,1.0
Goirle,785,785,785,Goirle,Goirle,1.0,1.0
Grave,786,786,786,Grave,Grave,1.0,1.0
Haaren,788,788,824,Haaren,Oisterwijk,1.0,0.3491406348011542
Helmond,794,794,794,Helmond,Helmond,1.0,1.0
's-Hertogenbosch,796,796,796,'s-Hertogenbosch,'s-Hertogenbosch,1.0,1.0
Heusden,797,797,797,Heusden,Heusden,1.0,1.0
Hilvarenbeek,798,798,798,Hilvarenbeek,Hilvarenbeek,1.0,1.0
Loon op Zand,809,809,809,Loon op Zand,Loon op Zand,1.0,1.0
Sint-Michielsgestel,845,845,845,Sint-Michielsgestel,Sint-Michielsgestel,1.0,1.0
Mill en Sint Hubert,815,815,815,Mill en Sint Hubert,Mill en Sint Hubert,1.0,1.0
"Nuenen, Gerwen en Nederwetten",820,820,820,"Nuenen, Gerwen en Nederwetten","Nuenen, Gerwen en Nederwetten",1.0,1.0
Oirschot,823,823,823,Oirschot,Oirschot,1.0,1.0
Oisterwijk,824,824,824,Oisterwijk,Oisterwijk,1.0,0.6508593651988458
Oosterhout,826,826,826,Oosterhout,Oosterhout,1.0,1.0
Oss,828,828,828,Oss,Oss,1.0,1.0
Rucphen,840,840,840,Rucphen,Rucphen,1.0,1.0
Someren,847,847,847,Someren,Someren,1.0,1.0
Son en Breugel,848,848,848,Son en Breugel,Son en Breugel,1.0,1.0
Nederweert,946,946,946,Nederweert,Nederweert,1.0,1.0
Borger-Odoorn,1681,1681,1681,Borger-Odoorn,Borger-Odoorn,1.0,1.0
Steenbergen,851,851,851,Steenbergen,Steenbergen,1.0,1.0
Waterland,852,852,852,Waterland,Waterland,1.0,1.0
Tilburg,855,855,855,Tilburg,Tilburg,1.0,1.0
Uden,856,856,856,Uden,Uden,1.0,1.0
Valkenswaard,858,858,858,Valkenswaard,Valkenswaard,1.0,1.0
Cuijk,1684,1684,1684,Cuijk,Cuijk,1.0,1.0
Veldhoven,861,861,861,Veldhoven,Veldhoven,1.0,1.0
Vught,865,865,865,Vught,Vught,1.0,1.0
Landerd,1685,1685,1685,Landerd,Landerd,1.0,1.0
De Wolden,1690,1690,1690,De Wolden,De Wolden,1.0,1.0
Lansingerland,1621,1621,1621,Lansingerland,Lansingerland,1.0,1.0
Leudal,1640,1640,1640,Leudal,Leudal,1.0,1.0
Noord-Beveland,1695,1695,1695,Noord-Beveland,Noord-Beveland,1.0,1.0
Wijdemeren,1696,1696,1696,Wijdemeren,Wijdemeren,1.0,1.0
Noordenveld,1699,1699,1699,Noordenveld,Noordenveld,1.0,1.0
Twenterand,1700,1700,1700,Twenterand,Twenterand,1.0,1.0
Westerveld,1701,1701,1701,Westerveld,Westerveld,1.0,1.0
Waalre,866,866,866,Waalre,Waalre,1.0,1.0
Sint Anthonis,1702,1702,1702,Sint Anthonis,Sint Anthonis,1.0,1.0
Waalwijk,867,867,867,Waalwijk,Waalwijk,1.0,1.0
Werkendam,870,1959,1959,Altena,Altena,0.4928853392086661,0.4928853392086661
Woensdrecht,873,873,873,Woensdrecht,Woensdrecht,1.0,1.0
Woudrichem,874,1959,1959,Altena,Altena,0.2670522353805196,0.2670522353805196
Zundert,879,879,879,Zundert,Zundert,1.0,1.0
Onderbanken,881,1954,1954,Beekdaelen,Beekdaelen,0.21746954595791806,0.21746954595791806
Wormerland,880,880,880,Wormerland,Wormerland,1.0,1.0
Brunssum,899,899,899,Brunssum,Brunssum,1.0,1.0
Landgraaf,882,882,882,Landgraaf,Landgraaf,1.0,1.0
Beek,888,888,888,Beek,Beek,1.0,1.0
Mook en Middelaar,944,944,944,Mook en Middelaar,Mook en Middelaar,1.0,1.0
Beesel,889,889,889,Beesel,Beesel,1.0,1.0
Bergen (L.),893,893,893,Bergen (L.),Bergen (L.),1.0,1.0
Gennep,907,907,907,Gennep,Gennep,1.0,1.0
Heerlen,917,917,917,Heerlen,Heerlen,1.0,1.0
Kerkrade,928,928,928,Kerkrade,Kerkrade,1.0,1.0
Maastricht,935,935,935,Maastricht,Maastricht,1.0,1.0
Meerssen,938,938,938,Meerssen,Meerssen,1.0,1.0
Nuth,951,1954,1954,Beekdaelen,Beekdaelen,0.4237264673311185,0.4237264673311185
Roermond,957,957,957,Roermond,Roermond,1.0,1.0
Schinnen,962,1954,1954,Beekdaelen,Beekdaelen,0.3588039867109635,0.3588039867109635
Simpelveld,965,965,965,Simpelveld,Simpelveld,1.0,1.0
Venray,984,984,984,Venray,Venray,1.0,1.0
Teylingen,1525,1525,1525,Teylingen,Teylingen,1.0,1.0
Heeze-Leende,1658,1658,1658,Heeze-Leende,Heeze-Leende,1.0,1.0
Laarbeek,1659,1659,1659,Laarbeek,Laarbeek,1.0,1.0
De Marne,1663,1966,1966,Het Hogeland,Het Hogeland,0.20210843373493975,0.20210843373493975
Lingewaard,1705,1705,1705,Lingewaard,Lingewaard,1.0,1.0
Bernheze,1721,1721,1721,Bernheze,Bernheze,1.0,1.0
Ferwerderadiel,1722,1970,1970,Noardeast-Fryslân,Noardeast-Fryslân,0.19178383128295254,0.19178383128295254
Alphen-Chaam,1723,1723,1723,Alphen-Chaam,Alphen-Chaam,1.0,1.0
Bergeijk,1724,1724,1724,Bergeijk,Bergeijk,1.0,1.0
Rijssen-Holten,1742,1742,1742,Rijssen-Holten,Rijssen-Holten,1.0,1.0
Westland,1783,1783,1783,Westland,Westland,1.0,1.0
Midden-Delfland,1842,1842,1842,Midden-Delfland,Midden-Delfland,1.0,1.0
Berkelland,1859,1859,1859,Berkelland,Berkelland,1.0,1.0
Bronckhorst,1876,1876,1876,Bronckhorst,Bronckhorst,1.0,1.0
Sittard-Geleen,1883,1883,1883,Sittard-Geleen,Sittard-Geleen,1.0,1.0
Kaag en Braassem,1884,1884,1884,Kaag en Braassem,Kaag en Braassem,1.0,1.0
Dantumadiel,1891,1891,1891,Dantumadiel,Dantumadiel,1.0,1.0
Zuidplas,1892,1892,1892,Zuidplas,Zuidplas,1.0,1.0
Peel en Maas,1894,1894,1894,Peel en Maas,Peel en Maas,1.0,1.0
Oldambt,1895,1895,1895,Oldambt,Oldambt,1.0,1.0
Zwartewaterland,1896,1896,1896,Zwartewaterland,Zwartewaterland,1.0,1.0
Súdwest-Fryslân,1900,1900,1900,Súdwest-Fryslân,Súdwest-Fryslân,1.0,1.0
Bodegraven-Reeuwijk,1901,1901,1901,Bodegraven-Reeuwijk,Bodegraven-Reeuwijk,1.0,1.0
Hollands Kroon,1911,1911,1911,Hollands Kroon,Hollands Kroon,1.0,1.0
Leidschendam-Voorburg,1916,1916,1916,Leidschendam-Voorburg,Leidschendam-Voorburg,1.0,1.0
Pijnacker-Nootdorp,1926,1926,1926,Pijnacker-Nootdorp,Pijnacker-Nootdorp,1.0,1.0
Molenwaard,1927,1978,1978,Molenlanden,Molenlanden,0.666895055384264,0.666895055384264
Gooise Meren,1942,1942,1942,Gooise Meren,Gooise Meren,1.0,1.0
Berg en Dal,1945,1945,1945,Berg en Dal,Berg en Dal,1.0,1.0
Meierijstad,1948,1948,1948,Meierijstad,Meierijstad,1.0,1.0
Waadhoeke,1949,1949,1949,Waadhoeke,Waadhoeke,1.0,1.0
Westerwolde,1950,1950,1950,Westerwolde,Westerwolde,1.0,1.0
